{"successful_requests": 100, "slowest": 0.8477346749999999, "fastest": 0.2743140019999999, "total_time": 3.817334232, "requests_per_minute": 1572, "requests_per_second": 26}