{"successful_requests": 100, "slowest": 0.2842898490000001, "fastest": 0.1859480750000002, "total_time": 2.392231346, "requests_per_minute": 2508, "requests_per_second": 42}